timestamp    , lr    , dropout, clip, runs, batch_size_train, batch_size_eval, n_epochs, patience, cutoff, dev_f1_mean, dev_acc_mean, path
20250507_1936, 1e-05 ,     0.1,    1,    3,               64,             128,       10,        3,      0,       0.906,        0.931, experiments/exp_20250507_1936 ✅ (baseline | low lr)
20250507_1943, 1e-05 ,     0.2,    1,    3,               64,             128,       10,        3,      0,       0.899,        0.959, experiments/exp_20250507_1943
20250507_1951, 1e-05 ,     0.3,    1,    3,               64,             128,       10,        3,      0,       0.895,        0.922, experiments/exp_20250507_1951
20250507_1959, 1e-05 ,     0.4,    1,    3,               64,             128,       10,        3,      0,       0.898,        0.932, experiments/exp_20250507_1959
20250507_2006, 3e-05 ,     0.1,    1,    3,               64,             128,       10,        3,      0,       0.952,        0.976, experiments/exp_20250507_2006
20250507_2013, 3e-05 ,     0.2,    1,    3,               64,             128,       10,        3,      0,       0.947,        0.976, experiments/exp_20250507_2013
20250507_2020, 3e-05 ,     0.3,    1,    3,               64,             128,       10,        3,      0,       0.942,        0.974, experiments/exp_20250507_2020
20250507_2027, 3e-05 ,     0.4,    1,    3,               64,             128,       10,        3,      0,       0.947,        0.971, experiments/exp_20250507_2027
20250507_2035, 5e-05 ,     0.1,    1,    3,               64,             128,       10,        3,      0,       0.953,        0.975, experiments/exp_20250507_2035
20250507_2042, 5e-05 ,     0.2,    1,    3,               64,             128,       10,        3,      0,       0.954,        0.97 , experiments/exp_20250507_2042
20250507_2049, 5e-05 ,     0.3,    1,    3,               64,             128,       10,        3,      0,       0.95 ,        0.973, experiments/exp_20250507_2049
20250507_2057, 5e-05 ,     0.4,    1,    3,               64,             128,       10,        3,      0,       0.953,        0.973, experiments/exp_20250507_2057
20250507_2104, 0.0001,     0.1,    1,    3,               64,             128,       10,        3,      0,       0.959,        0.973, experiments/exp_20250507_2104
20250507_2111, 0.0001,     0.2,    1,    3,               64,             128,       10,        3,      0,       0.952,        0.966, experiments/exp_20250507_2111
20250507_2118, 0.0001,     0.3,    1,    3,               64,             128,       10,        3,      0,       0.952,        0.964, experiments/exp_20250507_2118
20250507_2126, 0.0001,     0.4,    1,    3,               64,             128,       10,        3,      0,       0.956,        0.97 , experiments/exp_20250507_2126 ✅ 
20250507_2133, 1e-05 ,     0.1,    1,    3,               32,              64,       10,        3,      0,       0.932,        0.974, experiments/exp_20250507_2133
20250507_2141, 1e-05 ,     0.2,    1,    3,               32,              64,       10,        3,      0,       0.93 ,        0.971, experiments/exp_20250507_2141
20250507_2150, 1e-05 ,     0.3,    1,    3,               32,              64,       10,        3,      0,       0.931,        0.974, experiments/exp_20250507_2150
20250507_2158, 1e-05 ,     0.4,    1,    3,               32,              64,       10,        3,      0,       0.922,        0.954, experiments/exp_20250507_2158 ✅
20250507_2207, 3e-05 ,     0.1,    1,    3,               32,              64,       10,        3,      0,       0.955,        0.972, experiments/exp_20250507_2207
20250507_2215, 3e-05 ,     0.2,    1,    3,               32,              64,       10,        3,      0,       0.952,        0.974, experiments/exp_20250507_2215
20250507_2224, 3e-05 ,     0.3,    1,    3,               32,              64,       10,        3,      0,       0.954,        0.974, experiments/exp_20250507_2224
20250507_2232, 3e-05 ,     0.4,    1,    3,               32,              64,       10,        3,      0,       0.951,        0.975, experiments/exp_20250507_2232
20250507_2241, 5e-05 ,     0.1,    1,    3,               32,              64,       10,        3,      0,       0.957,        0.972, experiments/exp_20250507_2241
20250507_2249, 5e-05 ,     0.2,    1,    3,               32,              64,       10,        3,      0,       0.955,        0.973, experiments/exp_20250507_2249
20250507_2258, 5e-05 ,     0.3,    1,    3,               32,              64,       10,        3,      0,       0.957,        0.98 , experiments/exp_20250507_2258 [GOOD]
20250507_2307, 5e-05 ,     0.4,    1,    3,               32,              64,       10,        3,      0,       0.958,        0.98 , experiments/exp_20250507_2307 [BEST 2] ✅
20250507_2317, 0.0001,     0.1,    1,    3,               32,              64,       10,        3,      0,       0.952,        0.976, experiments/exp_20250507_2317
20250507_2326, 0.0001,     0.2,    1,    3,               32,              64,       10,        3,      0,       0.956,        0.975, experiments/exp_20250507_2326
20250507_2335, 0.0001,     0.3,    1,    3,               32,              64,       10,        3,      0,       0.947,        0.961, experiments/exp_20250507_2335
20250507_2345, 0.0001,     0.4,    1,    3,               32,              64,       10,        3,      0,       0.953,        0.976, experiments/exp_20250507_2345
20250507_2354, 1e-05 ,     0.1,    1,    3,               16,              32,       10,        3,      0,       0.947,        0.973, experiments/exp_20250507_2354
20250508_0006, 1e-05 ,     0.2,    1,    3,               16,              32,       10,        3,      0,       0.946,        0.975, experiments/exp_20250508_0006
20250508_0017, 1e-05 ,     0.3,    1,    3,               16,              32,       10,        3,      0,       0.945,        0.974, experiments/exp_20250508_0017
20250508_0028, 1e-05 ,     0.4,    1,    3,               16,              32,       10,        3,      0,       0.946,        0.971, experiments/exp_20250508_0028
20250508_0040, 3e-05 ,     0.1,    1,    3,               16,              32,       10,        3,      0,       0.958,        0.969, experiments/exp_20250508_0040 ✅
20250508_0051, 3e-05 ,     0.2,    1,    3,               16,              32,       10,        3,      0,       0.955,        0.976, experiments/exp_20250508_0051
20250508_0103, 3e-05 ,     0.3,    1,    3,               16,              32,       10,        3,      0,       0.955,        0.973, experiments/exp_20250508_0103 [GOOD]
20250508_0114, 3e-05 ,     0.4,    1,    3,               16,              32,       10,        3,      0,       0.958,        0.979, experiments/exp_20250508_0114 [BEST] ✅
20250508_0125, 5e-05 ,     0.1,    1,    3,               16,              32,       10,        3,      0,       0.958,        0.975, experiments/exp_20250508_0125
20250508_0137, 5e-05 ,     0.2,    1,    3,               16,              32,       10,        3,      0,       0.956,        0.973, experiments/exp_20250508_0137 ✅
20250508_0148, 5e-05 ,     0.3,    1,    3,               16,              32,       10,        3,      0,       0.955,        0.976, experiments/exp_20250508_0148
20250508_0159, 5e-05 ,     0.4,    1,    3,               16,              32,       10,        3,      0,       0.954,        0.962, experiments/exp_20250508_0159
20250508_0211, 0.0001,     0.1,    1,    3,               16,              32,       10,        3,      0,       0.949,        0.971, experiments/exp_20250508_0211 ✅
20250508_0222, 0.0001,     0.2,    1,    3,               16,              32,       10,        3,      0,       0.949,        0.969, experiments/exp_20250508_0222
20250508_0233, 0.0001,     0.3,    1,    3,               16,              32,       10,        3,      0,       0.954,        0.969, experiments/exp_20250508_0233
20250508_0245, 0.0001,     0.4,    1,    3,               16,              32,       10,        3,      0,       0.947,        0.972, experiments/exp_20250508_0245
